{"organisation":"AU_Govt_ABS","name":"sa2_aggregated_pop_and_dwelling_counts_census_2016","title":"SA2 Aggregated Population & Dwelling Counts 2016 Census for Australia","legal":{"attribution":"{datasource.organisationTitle}, ({dataset.attributionYear}): {dataset.title}; accessed from AURIN on {dateOfAccess}.","attributionYear":"2017","clickthrough":false,"copyrightNotice":"&copy; {datasource.organisationTitle} {dataset.copyrightYear}","copyrightYear":"2017","licenceType":"Creative Commons Attribution 4.0 International (CC BY 4.0)"},"referenceSystemIdentifier":"urn:x-ogc:def:crs:EPSG:4283","geoLevel":"sa2_2016","key":"sa2_maincode_2016","keyRegex":null,"availability":null,"geomField":"the_geom","keyword":"sa2,statistical area level 2,population,dwelling,census 2016,aggregated,","theme":null,"temporalExtent":null,"type":"dataset","_id":null,"bbox":null,"abstract":"This dataset contains counts of the total usual resident population and total dwelling count from the 2016 Census of Population and Housing for Mesh Blocks, aggregated to Statistical Area Level 2 (SA2) for the AURIN Portal.\n\n<br/>Data is current for Census Night 9 August 2016 and describes geographic Australia; including Norfolk Island, the Territory of Christmas Island and the Territory of Cocos (Keeling) Islands, but does not include any other external Territory. \n\n<br/>For more information, refer to the Australian Bureau of Statistics' <a href=http://www.abs.gov.au/AUSSTATS/abs@.nsf/Lookup/2074.0Main+Features12016?OpenDocument>Census of Population and Housing: Mesh Block Counts, Australia, 2016</a>.","selectedAttributes":[{"name":"sa2_maincode_2016","type":"String","title":"SA2 Code","description":"Statistical Area Level 2 (SA2) Code. An SA2 is identifiable either by a 9-digit fully hierarchical code, or by a truncated 5-digit code comprising the S/T and SA2 identifiers. The SA2 identifier is a 4-digit code, assigned in alphabetical order within an SA3. An SA2 code is only unique within an S/T if it is preceded by the S/T identifier. The SA2s are a general-purpose medium-sized area built from whole SA1s. Their aim is to represent a community that interacts together socially and economically.","isDimension":false},{"name":"population","type":"Integer","title":"Total Usual Resident Population 2016","description":"Total usual resident population count (aggregated from ABS Mesh Blocks 2016).","isDimension":false},{"name":"sa2_name","type":"String","title":"SA2 Name","description":"Statistical Area Level 2 (SA2) Name. In large urban areas, SA2s are named for the gazetted suburbs that comprise them. In rural areas, SA2s are named for the gazetted localities that comprise them, or the towns, city, or region with which they are associated.","isDimension":false},{"name":"feature_code","type":"java.lang.String","title":"Code of Geographic feature","stype":"Nominal","description":"","isDimension":false},{"name":"feature_name","type":"java.lang.String","title":"Name of Geographic feature","stype":"Nominal","description":"","isDimension":false},{"name":"the_geom","type":"com.vividsolutions.jts.geom.MultiPolygon","title":"Geometry","stype":"Nominal","description":"","isDimension":false}],"filter":null}