SA2 Code 2016,SA2 Name,median_age,population,median_weekly_personal_income,average_life_satisfaction_score,percent_unemployed,homeless_rate,housing_stress_30_40_rule,gini_coefficient,poverty_rate,ier_score,percent_nonreligious,percent_citizenship,sentiment,counts,suburb_code
128021609,Woronora Heights,40,3658,860,80.33523537803138,2.7,0.0,9.6,0.2669926600000003,6.9,1171,27.7,21.2,0.5778136070326255,2,128021609
128021608,Loftus - Yarrawarrah,39,7249,814,79.89561975768872,3.1,0.0,10.8,0.25925797,6.9,1117,28.9,22.7,-0.014533467009462786,6,128021608
128021607,Engadine,38,17012,802,79.58391579639832,3.1,0.00047025628967787447,13.3,0.2524805400000003,8.2,1097,27.1,27.5,-0.09829651941380259,24,128021607
128021538,Sutherland - Kirrawee,38,20869,835,77.93517250375008,4.0,0.0024917341511332598,17.3,0.2756219000000003,11.0,1017,28.3,34.7,0.18498121481341023,65,128021538
128021536,Oyster Bay - Como - Jannali,40,21208,857,79.35948393822898,3.5,0.001037344398340249,12.6,0.29761404,8.4,1118,31.4,25.6,0.3629873878707306,60,128021536
128021535,Menai - Lucas Heights - Woronora,39,21136,838,79.37665615141955,3.7,0.0009462528387585163,13.0,0.28394106,8.7,1128,22.3,20.3,0.184040926630766,18,128021535
128021534,Illawong - Alfords Point,42,10365,840,79.28940886699507,3.6,0.0025084418716835506,10.6,0.3060533700000003,8.3,1158,18.9,15.1,0.3897233215536698,3,128021534
128021533,Heathcote - Waterfall,41,6504,765,79.67151767151768,3.8,0.0,19.3,0.3242112000000003,16.6,1082,27.4,25.1,0.1177983964767098,47,128021533
128011606,Woolaware - Burraneer,40,7747,917,79.8795601326584,2.7,0.00258164450755131,11.8,0.3101377,7.9,1126,29.2,26.0,0.27047980699730984,15,128011606
128011605,Lilli Pilli - Port Hacking - Dolans Bay,41,3163,973,80.8375850340136,2.1,0.0,8.8,0.34158775,7.9,1190,22.1,18.9,-0.1014355620668698,5,128011605
128011604,Cronulla - Kurnell - Bundeena,40,23476,957,78.64253650775612,3.4,0.001789061168853297,17.1,0.2973912,10.1,1036,31.6,38.1,0.32456943830610274,301,128011604
128011603,Caringbah South,42,12083,816,79.97421524663677,3.2,0.0009103699412397583,10.7,0.30239870000000146,7.9,1123,26.7,22.1,-0.0641782837809305,22,128011603
128011602,Caringbah,38,11724,795,77.83288598436224,3.8,0.00127942681678608,19.7,0.27443764,12.6,1001,28.8,36.3,0.30643951072181164,90,128011602
128011531,Sylvania - Taren Point,44,15900,728,78.83389830508474,4.7,0.0008176100628930818,16.1,0.3249230000000014,12.2,1071,24.2,21.6,-0.5054651166681409,55,128011531
128011530,Miranda - Yowie Bay,40,18206,747,78.27332733273327,4.2,0.0015928814676480281,17.9,0.2932543800000003,12.6,1030,25.1,32.8,0.17278337969513038,135,128011530
128011529,Gymea - Grays Point,40,17449,849,79.52127659574468,3.4,0.00040116912143962403,13.0,0.2945642000000011,8.6,1104,31.6,28.2,0.6154507037630066,25,128011529
127031601,Warwick Farm,33,5788,476,,13.8,0.0065653075328265375,37.5,0.2977215600000011,31.1,808,10.9,38.9,0.2140893994192132,24,127031601
127031600,Prestons - Edmondson Park,32,17541,708,78.63565381770363,6.2,0.0033635482583661137,23.5,0.26346824,15.9,1102,6.7,17.5,0.23823411564152813,20,127031600
127031599,Lurnea - Cartwright,34,11681,433,77.31685900652283,11.5,0.005907028507833234,,,,885,7.4,29.1,-0.007427510355663358,2,127031599
127031598,Liverpool,34,27143,465,76.60100802304052,11.4,0.011273624875658549,38.5,0.27945486000000147,29.8,870,7.8,36.4,0.01642218367282293,41,127031598
127031524,Holsworthy - Wattle Grove,33,20694,839,78.66876530255334,4.3,0.001014786894752102,16.8,0.26942384,11.1,1080,14.8,24.8,0.5209108893757758,7,127031524
127031523,Chipping Norton - Moorebank,36,18771,719,78.43782421817104,5.1,0.0024505886740184327,19.8,0.2824626300000003,13.7,1081,13.6,20.5,0.4936183326086331,26,127031523
127031522,Casula,34,15684,587,78.14327877649585,7.6,0.0038255547054322878,25.9,0.2964446200000003,20.0,1020,7.8,21.8,0.5173925356347553,12,127031522
127021519,Smithfield - Wetherill Park,38,18026,467,77.09624307738362,8.5,0.010429379784755353,27.1,0.2817151,22.5,963,7.2,24.7,0.3096973746498043,72,127021519
127021518,Horsley Park - Kemps Creek,41,4437,673,78.65826771653543,3.7,0.004732927653820149,15.0,0.2985566000000011,13.1,1107,8.4,17.4,0.06911118857293683,5,127021518
127021517,Greenfield Park - Prairiewood,39,8315,442,,8.7,0.00661455201443175,,,,1000,7.4,18.8,0.086325808524644,7,127021517
127021516,Fairfield - West,35,19097,418,,10.6,0.009530292716133424,30.6,0.2907627200000003,26.0,944,8.4,28.7,0.3959493490576428,8,127021516
127021515,Fairfield,36,17657,394,,14.6,0.015461290139887863,39.6,0.3360764700000025,33.3,860,8.2,38.8,0.27449627207032157,14,127021515
127021514,Edensor Park,36,9751,489,78.94966903959036,8.0,0.005127679212388473,24.7,0.29465413,20.1,1031,7.4,18.4,-0.04260856689412068,2,127021514
127021513,Canley Vale - Canley Heights,35,20846,412,,12.7,0.01189676676580639,,,,905,15.2,22.3,0.10649586957865959,11,127021513
127021512,Cabramatta West - Mount Pritchard,35,17186,439,,11.4,0.009833585476550681,27.5,0.2849296600000017,22.9,933,12.0,21.8,-0.20843053816052615,22,127021512
127021511,Cabramatta - Lansvale,36,24724,404,,14.2,0.01824138488917651,33.3,0.3034772000000011,30.5,863,18.3,26.8,-0.16721194877275622,36,127021511
127021510,Bossley Park - Abbotsbury,39,18844,519,77.53907871074837,6.5,0.008119295266397793,23.5,0.30904943,18.8,1040,5.4,21.3,0.4206899639185798,29,127021510
127021509,Bonnyrigg Heights - Bonnyrigg,35,15997,456,,9.9,0.00862661749077952,,,,982,9.8,14.9,0.2432336708691018,10,127021509
127011597,West Hoxton - Middleton Grange,31,15190,738,78.54056139673965,5.8,0.00026333113890717575,23.7,0.25720757,15.4,1118,7.0,16.6,0.3325204292969148,3,127011597
127011596,Hoxton Park - Carnes Hill - Horningsea Park,32,11626,668,78.24317617866005,5.5,0.002322380870462756,26.6,0.2618164000000011,17.9,1088,7.2,16.8,-0.22246413183145355,11,127011596
127011595,Hinchinbrook,32,12279,616,78.4613780881893,7.5,0.002117436273312159,24.9,0.2682154,18.5,1064,7.4,17.9,-0.14944330495659525,4,127011595
127011594,Green Valley,33,12486,505,78.52273960707696,8.3,0.004404933525548615,28.6,0.28774172,21.9,1018,9.0,17.3,0.8321176361521969,3,127011594
127011593,Cecil Hills,35,7004,673,78.42513576415826,5.7,0.0018560822387207311,20.6,0.2883503400000003,15.3,1115,7.6,12.3,0.8374619591739785,1,127011593
127011506,Cobbitty - Leppington,32,17870,840,78.98120270160305,3.7,0.0024062674874090655,19.5,0.2619680000000003,12.4,1125,13.7,27.8,0.23566592892111515,83,127011506
127011505,Austral - Greendale,39,8925,564,78.36457857033989,5.2,0.004145658263305322,21.1,0.2991583600000013,17.9,1039,11.9,19.2,0.3112193706481576,4,127011505
127011504,Ashcroft - Busby - Miller,32,17341,412,76.73021029235767,14.7,0.014762701112969264,34.4,0.32802716000000187,34.0,844,8.5,25.6,-0.9054778215250858,1,127011504
126021591,Ryde,36,27117,754,76.70133802129114,5.9,0.002433897555039274,21.8,0.3099841000000019,14.2,1005,32.2,43.1,0.2465157681779064,62,126021591
126021590,Putney,41,4148,867,78.99381309019863,3.9,0.0,13.5,0.3436213700000003,9.0,1131,27.6,21.0,0.31239343584778323,4,126021590
126011495,Epping - North Epping,36,27101,736,75.67895294004427,6.9,0.002619829526585735,19.0,0.3349867500000022,13.5,1044,40.0,43.1,0.14889894676676022,71,126011495
125041589,Wentworthville - Westmead,34,15643,638,75.93555184827466,9.3,0.007415457393083168,23.5,0.2923986300000003,15.7,935,10.2,45.6,0.5122129412639773,23,125041589
125041588,Pendle Hill - Girraween,35,12851,639,76.62729805013927,7.8,0.012372578009493424,23.1,0.2837484,14.8,971,6.5,36.9,0.34401648171436033,51,125041588
125041494,Winston Hills,39,10798,807,79.02969790066564,4.1,0.00027782922763474715,12.7,0.2693547300000003,7.6,1107,22.2,23.7,0.28351199597227617,9,125041494
125041493,Toongabbie - Constitution Hill,37,21978,667,77.66495601173021,6.5,0.0030485030485030485,18.2,0.2914447000000011,12.9,1011,13.9,32.0,0.4391817959439684,19,125041493
125041492,Parramatta - Rosehill,31,29234,745,,9.1,0.012382841896421975,24.7,0.3204763200000017,14.8,870,16.5,65.2,0.07437227211340922,912,125041492
125041491,Northmead,33,20371,824,77.0625,6.9,0.0035344362083353786,22.0,0.28475443,13.1,973,13.2,50.8,0.19165886545866348,44,125041491
125041490,North Rocks,41,7855,768,77.98323640095792,4.3,0.0,15.8,0.2898763000000017,10.3,1114,31.4,26.5,0.21213216870702817,18,125041490
125041489,North Parramatta,34,22215,725,75.76659777835185,8.5,0.006572135944181859,26.7,0.2987818000000003,17.3,924,22.8,46.2,0.10682136415239603,62,125041489
125031485,Merrylands - Holroyd,32,28480,523,76.62795761358687,9.3,0.010814606741573033,31.3,0.3051793000000003,24.8,937,12.3,36.7,0.6614610478793944,157,125031485
125021478,Oatlands - Dundas Valley,37,17736,633,75.82287097262139,7.1,0.0036084799278304014,24.0,0.3271393800000003,19.0,1000,33.3,34.9,0.15616050756008296,27,125021478
125021477,Ermington - Rydalmere,37,21424,634,76.46186853910669,6.2,0.002567214339058999,22.9,0.30146587000000147,17.4,1004,29.0,33.7,0.23948991935609357,22,125021477
125021476,Carlingford,39,27381,661,76.08576114219564,6.4,0.0019721704831817686,20.7,0.3130605200000013,15.6,1055,39.2,35.0,0.236161580597891,11,125021476
125011587,Regents Park,35,5076,482,76.69572107765451,9.4,0.006304176516942475,31.4,0.3154560000000013,25.6,923,17.1,33.3,0.3313925852816244,3,125011587
125011586,Lidcombe,33,19974,519,,8.6,0.011715229798738359,27.3,0.29574215,20.1,962,27.3,44.6,0.19039062667867673,34,125011586
125011584,Auburn - South,31,8480,433,,10.4,0.01615566037735849,33.2,0.31799123,29.8,943,21.5,33.3,-0.2301753665736009,3,125011584
125011583,Auburn - North,29,11355,455,,13.5,0.04614707177454866,,,,812,15.0,60.6,0.718528890270986,100,125011583
125011582,Auburn - Central,30,17191,424,,12.9,0.03845035192833459,,,,886,17.2,49.5,0.33009507480288475,36,125011582
125011473,Homebush Bay - Silverwater,33,18750,981,75.86127167630057,5.4,0.00112,29.0,0.30450280000000146,17.0,1008,33.5,44.6,0.09655307545018718,693,125011473
124051581,St Marys - North St Marys,34,16062,604,76.69633225458468,9.9,0.007844602166604408,28.4,0.26975858,22.1,891,10.4,36.4,0.24285938945934438,16,124051581
124051580,Colyton - Oxley Park,34,11622,620,77.69212295869356,8.0,0.0074858027878162104,23.1,0.2604803000000011,16.8,964,9.3,32.6,-0.10333405078611047,6,124051580
124051469,Erskine Park,34,6451,776,79.1495057660626,4.9,0.0,14.2,0.2985800200000011,9.5,1085,12.6,21.6,0.2929718258617173,7,124051469
124041468,Yarramundi - Londonderry,36,7367,686,79.07201646090535,3.4,0.006922763675851771,18.4,0.317858070000002,14.6,1100,10.8,20.3,0.5770462878062892,6,124041468
124041467,Windsor - Bligh Park,34,15303,711,77.66996402877697,5.1,0.003071293210481605,22.5,0.2689985600000011,15.1,997,21.7,31.7,0.4999789292380808,31,124041467
124041466,Richmond - Clarendon,38,13824,661,77.956745623069,5.7,0.006293402777777778,20.3,0.2710248200000011,13.7,982,24.4,34.5,0.3695987091715777,56,124041466
124031465,Warragamba - Silverdale,36,5193,774,79.34939759036145,4.2,0.0005777007510109763,14.9,0.26662955,11.5,1109,14.1,31.2,-0.2253068747377891,10,124031465
124031464,Penrith,37,13274,621,76.4070299500832,8.4,0.009416905228265783,25.8,0.2888527500000003,19.2,897,19.9,39.1,0.12165131035648968,93,124031464
124031460,Glenmore Park - Regentville,33,21222,852,78.92852459016393,4.0,0.0010837809819998114,16.0,0.26119587,9.8,1104,15.1,25.2,0.5979931390121108,6,124031460
124031458,Castlereagh - Cranebrook,31,23696,811,78.38169039466571,4.7,0.004726536124240378,20.2,0.2677299,13.3,1063,17.4,33.5,0.11192037934200616,59,124031458
124031457,Cambridge Park,35,15629,724,78.27520388686447,5.4,0.0037110499712073707,18.2,0.25730515,12.4,1020,18.4,31.7,0.4889425899249169,66,124031457
124011450,Blaxland - Warrimoo - Lapstone,40,18946,810,79.44710336452604,3.9,0.0005278158978148422,11.4,0.2883686400000013,7.7,1087,32.9,24.3,0.17579109970111126,30,124011450
123031448,The Oaks - Oakdale,38,8979,720,79.64437450826121,4.0,0.0011137097672346587,14.3,0.2764205600000017,11.7,1106,19.4,33.3,0.5574016128965076,7,123031448
123031446,Douglas Park - Appin,35,9614,827,79.67984367954307,2.7,0.0029124193883919283,13.2,0.2672227000000003,8.4,1140,19.8,27.7,0.01433260975108183,23,123031446
123021444,Rosemeadow - Glen Alpine,34,20885,638,78.0187982544478,7.7,0.0060330380655973185,23.2,0.2952489000000003,18.2,993,11.2,27.3,0.09749120725066963,43,123021444
123021443,Minto - St Andrews,33,19860,604,77.7137676105454,7.9,0.004984894259818731,24.8,0.27303404,18.8,989,8.3,29.0,0.15180579981273631,9,123021443
123021442,Macquarie Fields - Glenfield,35,23539,594,76.84510112631706,9.5,0.005012957219932878,27.3,0.2916731,20.5,950,9.8,30.9,0.18683748785925344,14,123021442
123021441,Leumeah - Minto Heights,36,16524,660,78.0746561886051,6.6,0.0033284918905833938,21.1,0.27412343,15.3,992,12.5,32.0,0.3479845682997265,24,123021441
123021440,Ingleburn - Denham Court,34,19934,666,77.7013167013167,7.5,0.005718872278519113,23.4,0.2910268600000022,16.9,1004,12.0,31.7,0.3181134217165337,28,123021440
123021438,Claymore - Eagle Vale - Raby,33,20392,664,78.12517365934983,7.0,0.009170262848175756,23.3,0.2889110000000003,17.5,984,10.6,26.9,0.6460103455530622,6,123021438
123021437,Campbelltown - Woodbine,35,18194,614,77.58953907508244,8.0,0.006045949214026602,23.4,0.2754593,16.9,969,11.8,32.6,0.20982034536468078,176,123021437
123021436,Bradbury - Wedderburn,33,18937,593,77.42033383915023,9.1,0.005755927549242224,27.1,0.28414983,21.4,944,13.5,31.6,-0.27802645820698885,153,123021436
123011435,Mount Annan - Currans Hill,31,28575,842,78.78303718082724,4.5,0.0008398950131233596,18.4,0.24968314000000041,10.8,1094,17.3,29.2,0.1654883268819845,42,123011435
123011434,Elderslie - Harrington Park,34,21057,810,79.11406049989894,4.3,0.001044783207484447,16.5,0.2663673000000003,10.5,1122,18.3,27.1,0.1914177863176119,63,123011434
123011433,Camden - Ellis Lane,41,12957,772,79.49956483899042,3.4,0.00030871343675233467,13.3,0.2788089800000018,8.8,1082,17.7,25.6,0.6201748063584803,149,123011433
122031432,Terrey Hills - Duffys Forest,43,3639,825,79.94828957836118,3.9,0.0008244023083264633,12.4,0.3075083200000011,8.1,1154,34.9,26.2,0.5411080353172625,17,122031432
122031431,Narrabeen - Collaroy,41,24808,907,79.12094064949608,3.0,0.001854240567558852,14.6,0.2951861600000017,9.1,1078,33.9,34.4,0.3663106301747967,256,122031431
122031430,Manly Vale - Allambie Heights,39,16900,873,78.98189852978669,3.6,0.002544378698224852,14.9,0.3089646400000013,9.5,1098,39.1,32.5,0.022783060264640415,49,122031430
122031429,Freshwater - Brookvale,36,21013,1049,78.86125480833002,3.3,0.0048541379146242805,16.7,0.2954496000000003,10.2,1074,42.3,42.6,0.22817958593129675,336,122031429
122031428,Frenchs Forest - Belrose,42,25123,824,79.85089463220676,4.0,0.0016319707041356525,11.3,0.29969403,8.1,1151,33.1,26.0,0.13180602711899528,124,122031428
122031427,Forestville - Killarney Heights,41,12813,783,79.19728040355302,3.9,0.0009365488176071178,12.2,0.33364996000000147,8.1,1123,35.3,25.7,0.40447426389102115,8,122031427
122031426,Dee Why - North Curl Curl,36,24969,870,77.65306122448979,3.5,0.0032039729264287716,22.8,0.2799860000000013,12.9,1012,32.0,45.7,0.300652700369425,199,122031426
122031425,Cromer,42,7484,772,79.35195326761591,3.1,0.001469802244788883,13.4,0.28805012,9.9,1118,31.3,26.2,0.5216140187691272,14,122031425
122031424,Beacon Hill - Narraweena,41,13919,722,78.42470506592645,3.6,0.0038795890509375672,14.6,0.28116003,10.3,1092,30.1,29.9,0.15318838450973582,13,122031424
122021420,Avalon - Palm Beach,46,12378,871,79.92450704225352,3.8,0.0013734044272095654,13.1,0.3084935000000003,8.4,1126,44.8,27.7,0.38136099556227976,171,122021420
122011419,Manly - Fairlight,37,21723,1262,79.17182854311199,3.8,0.0048796206785434795,14.8,0.3249809000000025,8.5,1024,49.8,51.5,0.011209888801871803,634,122011419
122011418,Balgowlah - Clontarf - Seaforth,40,20214,1081,79.75859130928714,3.6,0.0007420599584446423,11.8,0.3334621200000015,7.6,1134,39.8,32.0,0.31752335492476735,163,122011418
121041417,North Sydney - Lavender Bay,37,10680,1490,78.19069997526589,4.0,0.0016853932584269663,13.6,0.3007209300000011,6.8,983,41.3,48.4,0.08086448448479105,214,121041417
121021578,Hornsby - West,39,10667,749,77.15620998719591,5.5,0.0015937001968688478,18.3,0.3028795400000011,12.6,1045,37.4,37.9,0.4964280859799189,15,121021578
127021520,St Johns Park - Wakeley,39,10843,464,76.90219243439736,8.5,0.006363552522364659,19.8,0.33663163,16.5,1006,10.3,14.9,-0.44630823751913606,6,127021520
121021577,Hornsby - East,35,11801,739,75.04212860310422,6.6,0.005592746377425642,29.5,0.28708705,17.6,937,31.9,51.4,0.2511422536922922,102,121021577
121021404,Berowra - Brooklyn - Cowan,40,11712,810,79.52168815943728,3.8,0.0005976775956284153,12.6,0.2803865000000017,8.4,1119,35.5,26.3,-0.027479986270007608,39,121021404
121021403,Asquith - Mount Colah,39,18261,805,78.84008591956152,4.4,0.0022999835715459176,13.5,0.2797254,9.3,1115,31.5,26.3,0.4136984976332012,33,121021403
121011402,Willoughby - Castle Cove - Northbridge,41,25452,1052,78.84122562674095,4.0,0.0009036617947509037,12.1,0.3634980600000013,8.5,1121,36.7,28.2,0.22845460176660226,538,121011402
121011401,St Leonards - Naremburn,36,10478,1285,77.55564082885648,4.0,0.0013361328497804924,16.8,0.3010817500000003,8.7,1008,41.4,45.7,0.6029407605382034,710,121011401
121011400,Lane Cove - Greenwich,38,26779,1145,78.92449811632348,4.4,0.002277904328018223,12.9,0.35020733,7.9,1093,35.9,34.6,-0.06600678515110342,65,121011400
121011399,Chatswood (West) - Lane Cove North,35,20836,996,76.93300121351473,5.0,0.004031483970051834,19.2,0.3221081000000013,12.2,1035,40.0,43.9,-0.06843360442603134,30,121011399
126021503,West Ryde - Meadowbank,34,19326,789,75.69898196819483,6.5,0.0034150884818379386,22.6,0.3001436600000003,14.6,982,31.7,47.4,0.18982453349394887,37,126021503
126021501,North Ryde - East Ryde,41,12317,730,77.63443215419998,5.1,0.0002435658033612081,13.7,0.3203635200000013,10.2,1073,29.5,28.7,0.20704365568363728,25,126021501
126021500,Macquarie Park - Marsfield,33,21718,652,75.6935058248053,9.0,0.0056174601712864905,25.8,0.3347883800000022,17.1,944,39.8,56.3,0.5101433484594184,303,126021500
126021499,Hunters Hill - Woolwich,42,10338,947,79.38550022703194,3.2,0.0006771135616173341,10.1,0.3636765200000011,7.5,1110,30.1,22.0,0.36530534407178933,41,126021499
126021498,Gladesville - Huntleys Point,40,14449,937,78.17446888512879,4.2,0.0006228804761575196,15.1,0.33409122,10.3,1053,31.0,28.7,0.21749681923059375,82,126021498
126021497,Eastwood - Denistone,37,25021,628,75.26789408357467,6.8,0.0047160385276367855,20.2,0.3270076500000003,15.3,1024,44.5,43.1,0.21335266892799729,60,126021497
126011496,Pennant Hills - Cheltenham,41,20551,883,78.6086956521739,4.9,0.001119166950513357,12.9,0.3381675200000011,9.6,1121,33.7,28.5,0.38352332279230117,27,126011496
121011398,Chatswood (East) - Artarmon,34,28631,805,75.39386995130336,6.1,0.003807062275156299,24.2,0.3535828300000013,15.4,964,46.0,52.5,0.14802728360181758,184,121011398
125031484,Guildford West - Merrylands West,33,20694,494,77.32554963812645,9.4,0.008939789310911375,33.1,0.3008743200000015,27.7,936,11.8,33.3,0.04985278995415027,8,125031484
120031576,Strathfield South,36,3543,705,77.02482400889218,6.6,0.002540220152413209,24.3,0.2979756000000013,18.5,1019,19.9,23.9,-0.05449108464559824,8,120031576
125031483,Guildford - South Granville,30,20912,419,,11.2,0.01635424636572303,38.4,0.3052609300000003,34.6,905,10.1,28.5,-0.003063466036514953,259,125031483
125031482,Greystanes - Pemulwuy,37,26330,698,78.50592261121348,5.5,0.001785036080516521,18.6,0.2828219200000011,13.2,1065,11.1,19.7,0.5268887404361364,12,125031482
125031481,Granville - Clyde,31,20831,473,,10.7,0.013201478565599348,27.7,0.34750932,24.2,916,14.9,42.1,0.36308267899762126,40,125031481
120031575,Strathfield,32,24999,662,75.90685909834846,6.7,0.016680667226689067,21.9,0.34549522,15.3,972,27.1,51.5,0.2817019856748223,77,120031575
125031480,Fairfield - East,34,15491,423,,11.2,0.014976437931702278,,,,893,12.2,25.7,0.11397913289083289,4,125031480
125031479,Chester Hill - Sefton,34,18420,459,77.08852818944563,10.1,0.006568946796959826,31.8,0.30054635,27.2,928,15.2,27.7,0.3264778634811497,19,125031479
120031396,Homebush,31,16193,693,75.72740291466599,8.1,0.0109924041252393,28.6,0.3038379300000003,18.5,926,25.8,56.5,0.19299252861710414,29,120031396
120031395,Haberfield - Summer Hill,39,13457,912,77.89674952198853,4.2,0.010329196700601917,16.6,0.3405190700000003,10.7,1024,30.0,33.3,0.25461284823566727,153,120031395
120031393,Croydon Park - Enfield,39,17188,661,77.02308345557014,5.2,0.005352571561554573,20.7,0.30699575,15.0,1016,24.9,29.9,0.2517094806049243,8,120031393
120031392,Canterbury (North) - Ashbury,39,10430,744,77.24577340398687,4.9,0.0030680728667305847,18.9,0.30726445,12.6,1017,25.4,34.0,-0.09835575948061197,24,120031392
120031391,Burwood - Croydon,32,24600,532,,8.6,0.0208130081300813,25.1,0.3495429200000003,18.6,926,47.0,53.5,0.15956034610815717,75,120031391
120031390,Ashfield,34,24474,679,75.61594006189262,7.0,0.022268529868431804,23.0,0.2997504000000003,14.1,926,32.6,50.7,0.277158995947047,72,120031390
120021389,Lilyfield - Rozelle,38,13960,1309,78.4932343066436,3.7,0.0018624641833810888,15.1,0.3244894000000017,10.2,1053,43.4,35.0,0.3296069811821082,134,120021389
120021388,Leichhardt - Annandale,37,26391,1116,78.1467244179751,4.1,0.008525633738774583,17.6,0.3182656000000003,11.3,1033,41.6,34.7,0.21834035345525166,424,120021388
120021387,Balmain,41,15693,1357,78.89806915132465,4.0,0.0026763525138596826,12.9,0.3404311,8.5,1046,47.6,35.2,0.2782209806954937,220,120021387
120011386,Five Dock - Abbotsford,41,20480,943,77.7788061082832,4.1,0.001611328125,17.6,0.329471680000002,11.1,1027,26.0,26.9,0.12154466414809013,88,120011386
120011385,Drummoyne - Rodd Point,40,18269,1071,78.62578166202064,3.6,0.002080026274016093,14.3,0.3282005000000012,9.3,1056,27.1,29.2,0.4551374199307768,130,120011385
120011384,Concord West - North Strathfield,31,24822,753,75.55893456375838,7.2,0.003746676335508823,24.8,0.33464345,15.6,972,45.9,59.2,0.07621224438664172,97,120011384
120011383,Concord - Mortlake - Cabarita,41,21718,862,77.96239005156202,4.3,0.0020259692421033242,15.5,0.33225426000000147,11.3,1062,28.5,29.2,0.2311989831563257,78,120011383
119041382,Sans Souci - Ramsgate,44,15921,737,77.96110103840448,4.6,0.0011933923748508259,19.8,0.31344460000000146,13.2,1011,15.6,20.9,0.32902091663868177,43,119041382
119041381,Rockdale - Banksia,33,19957,651,75.9947403024326,7.2,0.010773162298942728,24.0,0.2716446,15.5,943,20.4,49.2,-0.1487652897164358,41,119041381
119041380,Monterey - Brighton-le-Sands - Kyeemagh,41,13915,710,77.38193709723959,4.9,0.0020122170319798777,23.8,0.3018243600000025,15.4,984,15.2,26.8,0.42373443158777435,67,119041380
119041379,Kogarah Bay - Carlton - Allawah,36,15961,665,76.12469635627531,6.2,0.0020048869118476286,23.1,0.29374716,16.1,989,28.4,38.1,0.0969464329916373,33,119041379
119041377,Kingsgrove (South) - Bardwell Park,40,12598,623,77.11166562694947,5.6,0.0019844419749166535,18.8,0.3216624600000017,14.9,1016,25.7,24.7,0.33366801330844387,4,119041377
119041376,Bexley,36,26474,606,76.72596029904615,6.7,0.004948251114300824,23.5,0.2893011000000003,17.3,986,20.9,35.5,0.35665078524486493,10,119041376
119041375,Arncliffe - Bardwell Valley,31,21457,694,76.1361007973705,6.6,0.012257072284103089,26.1,0.30198392000000135,17.7,952,35.1,54.2,0.043238815768444565,56,119041375
119041378,Kogarah,34,11323,683,75.79359513791492,7.0,0.0030910536077011393,22.9,0.2769524200000003,14.1,945,23.0,50.3,0.17123018135078302,61,119041378
119031374,South Hurstville - Blakehurst,36,24041,620,75.72146562905317,7.1,0.005324237760492492,21.8,0.3371972000000003,16.1,1015,41.2,45.1,0.38295653045867295,37,119031374
119031373,Riverwood,39,11292,458,74.83308130743282,9.8,0.007881686149486361,30.7,0.3058261300000017,25.6,872,34.2,40.1,0.43726304882200834,7,119031373
119031369,Mortdale - Penshurst,36,23858,728,76.74788662357037,5.6,0.002179562410931344,19.3,0.2964915600000003,12.6,1003,30.0,38.7,0.24007038387173693,75,119031369
119031368,Hurstville,32,23623,483,,9.2,0.01100622274901579,30.1,0.3006220800000013,22.7,932,48.4,51.9,0.33317963809411216,54,119031368
119021573,Lakemba,31,17078,427,,13.4,0.020904087129640474,38.4,0.3588237200000013,32.8,855,6.2,45.2,0.34366908050403416,33,119021573
119021367,Roselands,36,13711,548,77.46796514607894,7.4,0.0048136532710962,28.7,0.30423358,22.8,1000,18.1,25.8,0.41855323262695915,16,119021367
119021366,Punchbowl,32,20767,428,76.913455719185,10.1,0.011364183560456494,36.3,0.3201499600000013,32.0,932,9.3,28.2,0.26004253408352307,28,119021366
119031372,Peakhurst - Lugarno,42,17976,678,78.47866282079728,4.6,0.0010013351134846463,16.3,0.3114946500000003,12.0,1060,25.2,24.0,0.09771391415382172,16,119031372
119031371,Oatley - Hurstville Grove,40,12606,779,77.99813103519884,4.7,0.0012692368713311123,13.9,0.3278971000000011,10.2,1075,35.9,31.4,-0.3013767950466939,4,119031371
119021364,Kingsgrove (North) - Earlwood,41,23693,657,77.97893538286365,4.9,0.0032921115941417296,17.4,0.3085046400000011,12.8,1040,18.6,19.2,0.3330611950846418,33,119021364
119021363,Canterbury (South) - Campsie,34,30584,502,74.96456642185285,8.6,0.011018833376929113,31.3,0.2870483000000003,23.3,915,30.5,47.3,-0.045332101724861955,463,119021363
119021362,Belmore - Belfield,37,19018,519,76.43536256563077,7.3,0.006414975286570617,28.7,0.2924362000000003,21.9,953,16.0,29.0,-0.07983595649684698,199,119021362
119031370,Narwee - Beverly Hills,39,13761,555,76.02251229663261,7.6,0.004360148245040331,24.1,0.3040440000000003,17.9,970,32.0,33.4,0.12579701535176632,97,119031370
119011571,Bankstown - North,32,16230,466,76.06841326486204,10.8,0.008256315465187923,37.9,0.3061987200000003,30.3,896,15.8,35.2,0.08643606192524422,33,119011571
125011585,Berala,34,8914,473,,10.1,0.014022885348889387,30.4,0.2872428,25.8,930,24.6,41.0,-0.31715831861951393,3,125011585
119011361,Yagoona - Birrong,34,20715,466,77.1602225121901,9.7,0.009027274921554428,31.0,0.2995512,26.5,944,12.5,22.3,0.47914166413549925,11,119011361
119011360,Revesby,38,16227,623,77.16028748119672,6.3,0.0036975411351451285,22.8,0.2986830800000003,16.4,1000,21.7,28.2,0.3128986414943093,8,119011360
119011359,Panania - Milperra - Picnic Point,38,25777,694,78.28259500314928,5.2,0.0024440392598052527,17.7,0.29147324,12.8,1047,20.7,25.2,0.08114808367075257,27,119011359
119011358,Padstow,40,16405,627,77.28630771688768,6.3,0.0037183785431270954,19.6,0.2959235600000017,15.0,1012,25.3,26.9,0.45314057414660514,14,119011358
119011357,Greenacre - Mount Lewis,33,25932,436,77.38903097470872,8.8,0.0022366188492981645,35.5,0.3166583500000003,32.8,958,7.4,17.8,0.33124970337495024,7,119011357
124051470,St Clair,34,19874,747,78.45001362026696,5.1,0.002717117842407165,17.7,0.25840273,12.2,1053,11.4,26.8,0.16446199004300271,14,124051470
119011356,Condell Park,33,11286,491,77.64528301886793,8.0,0.003721424774056353,29.2,0.28793904,23.6,995,10.5,18.3,-0.13040119533800032,8,119011356
119011572,Bankstown - South,34,15961,440,,10.9,0.017417455046676272,35.5,0.30243555,30.2,897,14.4,30.0,0.18307030201832686,39,119011572
119011355,Chullora,30,899,775,,5.5,0.0,,,,1088,21.9,41.6,0.051450024200115685,14,119011355
124031463,Mulgoa - Luddenham - Orchard Hills,34,9542,835,79.3605259226057,3.8,0.008383986585621462,14.6,0.27519714999999995,9.4,1130,12.0,21.8,-0.09680330211064832,133,124031463
119011354,Bass Hill - Georges Hall,36,21816,476,77.88497094558902,8.9,0.007013201320132013,30.4,0.3150602600000017,26.5,965,9.2,18.5,-0.008547400693597643,12,119011354
124031462,Kingswood - Werrington,33,19582,669,77.19739567919503,7.6,0.005004596057603922,24.3,0.26433465,16.9,963,13.6,36.0,0.028022152304953096,31,124031462
124031461,Jamisontown - South Penrith,36,17286,714,78.25405663378938,5.5,0.0038181187087816732,18.3,0.26815146,12.4,1006,17.6,31.1,0.24879042331319234,17,124031461
118021570,Randwick - South,34,13104,1018,77.77753472601991,4.0,0.010836385836385836,20.6,0.3213392000000003,12.3,983,38.1,51.7,0.2479636416372603,112,118021570
118021567,Maroubra - South,38,10674,757,76.58987915407855,4.9,0.0016863406408094434,21.8,0.3464909200000003,15.6,954,34.0,37.5,0.24895253294500946,94,118021567
118021566,Maroubra - North,39,9796,865,78.24503311258277,4.2,0.0,17.3,0.3562002,12.4,1047,33.3,38.0,0.3503963550648099,26,118021566
118021565,Kingsford,27,15621,479,,10.4,0.010498687664041995,,,,882,48.7,66.5,0.20474963838577784,55,118021565
118021564,Kensington (NSW),26,14903,488,77.02548999695338,11.0,0.0061061531235321745,26.1,0.38962770000000146,20.2,943,43.4,65.2,0.1971167468038816,99,118021564
118021350,Malabar - La Perouse - Chifley,41,24020,734,77.77230466104304,4.5,0.002955870108243131,17.5,0.32309324,12.8,1022,25.6,28.0,0.30559706486712945,267,118021350
118021348,Coogee - Clovelly,36,25453,1189,78.31679410010302,3.8,0.004793148155423722,16.2,0.3286166000000017,10.5,1010,40.4,43.3,0.1148634461344446,356,118021348
118011347,Woollahra,41,7663,1369,79.19478098788444,3.3,0.004175910217930314,13.4,0.3239928800000017,7.8,1051,36.9,34.2,0.22958814561432725,31,118011347
118011346,Rose Bay - Vaucluse - Watsons Bay,41,11834,1147,79.78502503969708,3.8,0.002619570728409667,13.4,0.385409770000002,8.8,1107,25.6,26.2,0.31922923172860257,215,118011346
118011345,Paddington - Moore Park,36,15165,1382,78.89209671598701,3.3,0.013715792944279591,15.5,0.32929054,8.6,1016,46.3,41.4,0.05491821491982888,355,118011345
118011344,Dover Heights,38,10830,1074,78.9207246563022,4.0,0.0009233610341643582,18.1,0.3455242000000011,10.7,1079,20.5,23.7,0.16871697226573126,15,118011344
118011343,Double Bay - Bellevue Hill,39,24798,1390,79.16976524779399,3.3,0.0035083474473747885,14.0,0.34470043,7.5,1047,33.0,35.2,0.4681705183862081,455,118011343
118011341,Bondi Junction - Waverly,37,16883,1068,78.05117085862966,4.1,0.010187762838358112,18.0,0.32981142000000147,10.7,994,36.7,46.2,0.15984806677437138,147,118011341
124031459,Emu Plains - Leonay,38,14238,772,79.22455730686904,4.3,0.002036802921758674,13.1,0.27382314,8.4,1063,19.8,26.4,0.48577488325030926,30,124031459
118011340,Bondi Beach - North Bondi,34,20767,1220,78.26223680612524,3.7,0.005007945297828285,18.6,0.2996680700000013,10.5,995,43.8,49.6,0.13499008254795258,286,118011340
118011339,Bondi - Tamarama - Bronte,34,18357,1166,78.44683572879825,3.7,0.005719888870730511,17.0,0.3281814200000011,10.2,1014,41.6,48.0,0.156417768809617,558,118011339
117031338,Waterloo - Beaconsfield,30,33067,859,76.38844000150326,7.0,0.007681374179695769,24.1,0.3268136700000022,20.2,888,51.1,63.3,0.10273553248606777,422,117031338
117031336,Surry Hills,34,16438,1154,,4.6,0.03084316826864582,16.9,0.3062576,12.3,892,45.9,56.5,0.26377597657967156,992,117031336
117031335,Redfern - Chippendale,31,22469,792,,7.5,0.021852329876719034,22.9,0.3321176200000011,18.9,844,51.5,65.5,0.17230248380622978,443,117031335
124011454,Springwood - Winmalee,42,21659,746,79.26744771982867,4.1,0.00046170183295627683,13.0,0.2800393,8.6,1069,32.6,23.8,0.2805630279873229,141,124011454
124011453,Lawson - Hazelbrook - Linden,42,11254,665,78.48695440136552,5.1,0.003110005331437711,16.7,0.27164151999999997,11.3,1031,37.7,26.0,-0.20861122224609951,2,124011453
117031334,Pyrmont - Ultimo,31,21665,770,,7.6,0.01555504269559197,20.0,0.34388787000000187,15.9,845,50.8,69.6,0.18093368151996808,488,117031334
122021423,Warriewood - Mona Vale,41,24154,854,79.36010257007985,3.1,0.0020286494990477766,14.5,0.2870988200000003,9.3,1108,32.2,27.8,0.0817034145188508,237,122021423
122021422,Newport - Bilgola,43,13174,903,79.56175710594316,3.3,0.0009867921663883406,14.5,0.3047879300000003,9.4,1124,41.4,29.1,0.23358640043040058,128,122021422
122021421,Bayview - Elanora Heights,47,10745,851,80.06092028515879,3.3,0.0013029315960912053,11.0,0.3181631000000003,9.3,1126,36.6,25.2,0.3352220255085123,86,122021421
117031333,Potts Point - Woolloomooloo,35,21200,1316,77.18140929535232,4.1,0.018018867924528302,20.9,0.3129106800000022,12.7,886,47.8,53.9,0.23571469887875035,338,117031333
121041416,Neutral Bay - Kirribilli,38,17899,1361,78.22995686449502,3.9,0.0131292250963741,15.7,0.3073663000000017,8.2,981,41.2,45.1,0.2574031917678416,119,121041416
121041415,Mosman,42,28462,1282,79.37655011428294,3.9,0.0017918628346567352,13.4,0.35816425,7.9,1076,36.6,36.7,0.26225631958026036,394,121041415
121041414,Crows Nest - Waverton,36,18063,1368,78.13179736691471,3.4,0.0051486464042517855,15.3,0.29463008,7.9,1005,41.7,42.4,0.037028719486994585,170,121041414
121041413,Cremorne - Cammeray,39,19045,1344,78.63364525434461,3.9,0.002782882646363875,14.7,0.3139341200000003,7.8,1037,39.4,39.2,0.12407170664705558,51,121041413
121031412,Wahroonga (East) - Warrawee,42,17843,934,79.65811965811966,4.2,0.00044835509723701174,10.8,0.3447344,7.6,1150,31.9,28.0,0.477232007583401,15,121031412
121031411,Turramurra,44,19286,908,79.54947822957898,4.4,0.00020740433475059628,11.0,0.33973122,7.9,1132,33.8,27.0,0.4790070715188697,27,121031411
121031410,St Ives,42,20422,925,79.3687117774709,4.4,0.001420037214768387,13.3,0.34212354,8.8,1150,32.8,29.1,0.41277293938832554,30,121031410
121031409,Pymble,39,16327,977,78.79482408660351,5.0,0.0001837447173393765,11.7,0.3447103,7.7,1152,36.6,30.9,-0.2063726691950431,7,121031409
121031408,Lindfield - Roseville,39,23154,990,78.36516152061395,4.6,0.0008637816360024186,12.8,0.3667517600000003,9.0,1121,38.4,31.7,0.49681872249334186,57,121031408
121031407,Gordon - Killara,40,21316,876,77.38764400557032,5.7,0.0012197410395946707,15.2,0.3657079000000003,9.9,1096,42.9,34.8,0.12250336783797607,12,121031407
117031332,Newtown - Camperdown - Darlington,30,24840,891,77.17766203703704,6.3,0.009259259259259259,23.7,0.30434105,14.5,924,57.1,56.9,0.20535667989736175,609,117031332
121021579,Waitara - Wahroonga (West),36,9579,813,76.50572351041973,6.3,0.002609875769913352,22.8,0.30069974,14.5,998,34.3,45.5,0.04914065412415281,51,121021579
117031331,Glebe - Forest Lodge,33,19593,942,76.87746230131775,6.3,0.020976879497779818,24.8,0.36756325,17.7,907,51.2,53.1,0.16125783821831305,235,117031331
118021569,Randwick - North,35,16909,1145,78.02623056994818,3.8,0.0062097108048968005,18.3,0.3062008000000011,10.1,1005,35.6,44.2,0.2592299978538204,35,118021569
117031330,Erskineville - Alexandria,34,16261,1353,77.92842503547217,3.4,0.005534714962179448,15.6,0.26631415,8.8,999,54.5,48.0,0.16241186311533412,446,117031330
117031329,Darlinghurst,36,11354,1247,77.93824701195219,4.6,0.053901708648934295,17.7,0.3002206000000011,10.5,924,47.3,58.4,0.2542836184406256,893,117031329
117021328,Sydenham - Tempe - St Peters,36,7829,921,77.2623828647925,4.7,0.015072167582066675,18.0,0.2884035700000011,11.0,1010,36.0,35.4,0.2720787001853919,298,117021328
118021568,Maroubra - West,33,10218,701,76.80881585811163,6.7,0.0017615971814445098,26.5,0.3504288500000013,19.1,977,36.7,50.9,0.6097512549945115,404,118021568
117021326,Marrickville,36,26542,791,77.0816149890535,5.5,0.015221158917941376,21.4,0.3081081000000011,14.1,963,29.7,32.1,0.2822458441838227,401,117021326
121021406,Normanhurst - Thornleigh - Westleigh,40,18569,814,78.82260947274352,4.2,0.0017771554741773923,13.4,0.3066684600000017,9.3,1111,31.1,25.7,0.594733579623492,13,121021406
117031337,Sydney - Haymarket - The Rocks,33,27407,775,,5.4,0.0606414419673806,,,,804,36.0,77.5,0.23129713548422887,16505,117031337
117021327,Petersham - Stanmore,35,20222,1032,77.5305639986491,4.3,0.02215408960538028,19.2,0.2984792000000011,11.4,989,41.3,35.9,0.22694766349081333,160,117021327
117011323,Pagewood - Hillsdale - Daceyville,37,11400,643,76.950414215392,6.2,0.002017543859649123,26.8,0.3145757300000011,19.4,948,20.1,34.9,-0.05270375114604078,48,117011323
120031394,Dulwich Hill - Lewisham,37,16769,915,77.29390253597265,5.1,0.008468006440455603,19.7,0.30174595,11.9,975,30.8,32.2,0.27564293113451566,148,120031394
117011322,Mascot - Eastlakes,34,24409,695,76.60827431979128,6.1,0.00659592773157442,26.2,0.3089112000000011,17.4,947,25.9,46.8,0.177305451487772,94,117011322
117011321,Botany,36,10780,893,77.96247704014694,4.0,0.00510204081632653,19.1,0.2770764500000003,11.9,1036,25.9,33.0,0.25452314617432603,150,117011321
116031319,Rooty Hill - Minchinbury,35,21119,664,78.03782970089665,6.8,0.004545669776031062,20.4,0.2548424,14.2,1028,6.0,27.5,0.21023145490663245,56,116031319
116031317,Mount Druitt - Whalan,32,22696,486,77.11760184473482,11.2,0.007049700387733521,32.3,0.2797348,26.3,903,5.6,36.2,0.05349899511365982,30,116031317
116031316,Lethbridge Park - Tregear,30,20705,551,76.98558611560523,10.8,0.004346776141028737,32.1,0.2948031000000003,25.4,906,8.8,40.8,0.061383414580397616,9,116031316
116031315,Hassall Grove - Plumpton,31,20670,689,78.41511981100236,7.1,0.003096274794388002,22.1,0.25585085,16.0,1031,4.8,22.0,0.5285132222023697,41,116031315
116031314,Glendenning - Dean Park,32,8370,696,78.02401372212692,7.1,0.006332138590203106,22.5,0.24729644000000126,15.8,1017,5.6,24.3,0.11766499668305003,52,116031314
116031313,Bidwill - Hebersham - Emerton,31,18440,473,76.80842479018722,13.1,0.008351409978308025,,,,856,9.0,38.0,-0.020411116654068744,99,116031313
116021563,Quakers Hill,33,22945,803,78.02898023523706,5.9,0.001786881673567226,19.4,0.25407773,11.5,1066,9.9,30.7,-0.041973393368006394,41,116021563
116021562,Acacia Gardens,34,3792,902,78.20976491862568,5.0,0.0,17.2,0.2477505,9.1,1136,10.0,26.9,0.7432554486456805,2,116021562
116021312,Riverstone - Marsden Park,33,17296,766,78.22829476448383,5.3,0.0031799259944495836,21.7,0.2749114600000011,14.2,1078,13.2,33.7,0.2231525303279658,106,116021312
116021310,Parklea - Kellyville Ridge,33,32636,952,78.54871699516549,4.8,0.0003370511092045594,19.0,0.2552661,10.6,1163,11.9,26.3,0.172874528024025,27,116021310
116021309,Glenwood,34,16105,779,78.2041312272175,6.1,0.0022353306426575598,15.7,0.2947104600000013,15.3,1137,10.0,24.5,0.20573467659566913,16,116021309
116011561,Blacktown (West),34,16127,617,77.41128414603013,7.1,0.007937000062007813,22.3,0.26602784,16.4,987,10.1,34.8,0.2191753230465469,5,116011561
116011308,Seven Hills - Toongabbie,36,23883,656,77.47134872692372,6.7,0.00803919105639995,20.6,0.27989724,14.5,999,10.7,33.8,0.5731521343730882,98,116011308
116011307,Lalor Park - Kings Langley,37,24894,698,77.72596180007618,5.9,0.0034144773841086207,18.1,0.2847642,12.6,1015,16.5,32.3,0.1656018492347238,34,116011307
116011306,Doonside - Woodcroft,34,22508,654,77.34452476253061,7.8,0.006664297138795095,23.3,0.27134296000000147,16.5,1008,6.3,25.5,-0.07321015698874127,78,116011306
116011304,Blacktown (North) - Marayong,34,17987,609,77.12414364224949,8.1,0.004614443764941347,22.8,0.26755163,16.8,963,8.8,33.1,-0.24808044536103568,128,116011304
116011303,Blacktown (East) - Kings Park,32,16877,664,76.48329091058379,8.0,0.006339989334597381,24.0,0.26372358,15.6,945,9.3,46.9,0.2059275288770364,156,116011303
115021297,Dural - Kenthurst - Wisemans Ferry,42,20995,745,79.61428199113891,3.3,0.002095737080257204,12.6,0.3122172000000003,9.6,1138,23.2,23.5,0.4006163726070414,78,115021297
115011559,Kellyville,35,23245,863,78.67765633399033,4.6,0.001806840180684018,15.5,0.2714029000000011,9.7,1162,20.1,27.7,0.015457904110772703,72,115011559
115011558,Cherrybrook,42,18736,765,78.3188667453649,5.4,0.00048035866780529464,12.8,0.3052647000000011,8.8,1133,25.2,24.5,-0.6450429397237613,79,115011558
115011556,Castle Hill - South,38,9541,806,78.07511737089202,5.1,0.0008384865318100828,17.4,0.30194837000000146,11.4,1100,30.6,34.0,-0.07725295623239892,2,115011556
116011560,Blacktown (South),35,12324,621,77.08375041708375,8.2,0.0035702693930542034,23.6,0.27046302,17.0,984,12.4,30.5,-0.007427510355663358,1,116011560
115011555,Castle Hill - North,41,11883,791,78.42980705256154,5.3,0.0018513843305562568,14.3,0.32210904,10.3,1131,28.6,29.6,0.49961020615074303,27,115011555
115011554,Castle Hill - East,51,5605,646,78.18045488627843,5.1,0.0,10.9,0.340380160000002,7.4,1087,24.8,22.7,0.769066188673921,2,115011554
115011553,Castle Hill - Central,38,7590,828,77.77347871966232,4.7,0.0034255599472990776,19.9,0.30204245,12.5,1079,28.9,34.8,0.3824629601775277,4,115011553
115011294,Glenhaven,45,6250,790,80.36091177712115,3.9,0.00048,8.5,0.311362920000002,5.6,1153,20.4,20.5,0.4068230041243439,9,115011294
115011291,Baulkham Hills (West) - Bella Vista,38,20035,795,78.90444269190326,5.1,0.002345894684302471,12.9,0.30667080000000146,9.1,1141,22.1,28.4,0.27424606854871636,66,115011291
115011290,Baulkham Hills (East),38,22928,794,77.65282342396176,5.1,0.0019190509420795533,18.1,0.2886209000000013,11.7,1078,27.5,34.6,0.7441014339301109,21,115011290
115041302,Rouse Hill - Beaumont Hills,34,22657,893,79.12796567390207,4.2,0.00017654587986052877,15.9,0.26774567,9.8,1171,17.5,28.1,0.121005425726261,76,115041302
115041301,Pitt Town - McGraths Hill,38,10512,787,79.29599581261449,2.9,0.0017123287671232876,14.0,0.26833284,9.9,1120,19.9,27.3,0.27704375484962684,43,115041301
115031300,Kurrajong Heights - Ebenezer,39,21949,775,79.31870083735093,3.5,0.0018224064877670964,13.7,0.2665820000000003,9.8,1115,26.7,28.6,0.28922165306852815,31,115031300
115021298,Galston - Laughtondale,44,5196,738,79.64006259780908,3.6,0.003849114703618168,14.2,0.3135646600000021,11.2,1135,29.9,26.3,0.4363990930583664,14,115021298
115011557,Castle Hill - West,37,5241,863,78.3260702384004,5.0,0.0,14.1,0.2956779000000003,9.2,1166,19.9,23.5,0.06525879600782525,1,115011557
115011296,West Pennant Hills,41,12573,872,78.6885578189926,4.5,0.000954426151276545,10.8,0.315362400000002,8.1,1167,28.6,21.3,0.24061480297391127,67,115011296
102011040,Umina - Booker Bay - Patonga,46,23598,550,77.70663628595841,7.9,0.0029239766081871343,22.9,0.28209588,15.4,956,32.5,34.3,0.45680434080696625,98,102011040
102011039,Terrigal - North Avoca,41,13331,762,78.99758696963603,4.9,0.0008251444002700472,16.4,0.29979643,11.1,1069,31.3,29.8,0.2918078649510073,74,102011039
102011038,Saratoga - Davistown,42,6974,658,79.06525573192239,4.8,0.0012905075996558647,13.5,0.27585667000000147,9.2,1053,27.7,26.5,0.21786389538357573,10,102011038
102011037,Point Clare - Koolewong,44,6244,645,78.47700534759359,6.4,0.0032030749519538757,16.4,0.2852303,11.0,1020,33.7,28.8,0.41008863630093123,43,102011037
102011042,Woy Woy - Blackwall,47,13970,529,77.43974751338943,8.3,0.0032211882605583395,22.3,0.29274797,16.0,940,31.3,35.6,0.4158685290163095,38,102011042
102011041,Wamberal - Forresters Beach,40,9797,757,79.23768115942029,4.2,0.0017352250688986424,12.9,0.27781618000000147,7.7,1097,28.5,25.6,-0.1949597233594823,1,102011041
102011034,Kincumber - Picketts Valley,46,7289,573,78.7967865619865,6.0,0.001509123336534504,15.6,0.2900757200000003,12.9,1001,23.4,24.7,0.22563964228794242,29,102011034
102011033,Kariong,34,6363,698,78.56467941507312,6.4,0.0034574886060034574,18.4,0.2689499,12.4,1056,28.8,31.5,-0.019297126007355246,5,102011033
102011031,Erina - Green Point,48,13951,607,79.13205694648994,5.3,0.005232599813633432,13.1,0.3055218200000011,9.6,1046,28.4,26.7,0.20012510754640767,59,102011031
102011030,Calga - Kulnura,46,4680,674,79.08232826428946,3.8,0.009401709401709401,13.5,0.306880830000002,11.5,1054,31.8,28.7,0.3880807705792151,26,102011030
102011029,Box Head - MacMasters Beach,47,10704,641,79.28553739474988,4.5,0.0010276532137518685,13.9,0.30594838000000146,11.3,1072,33.9,27.7,0.31735534963683776,131,102011029
102011028,Avoca Beach - Copacabana,40,7314,758,79.01310717039321,5.5,0.00041017227235438887,18.4,0.2828883500000013,13.5,1087,39.8,31.4,0.40662482862739446,130,102011028
102011032,Gosford - Springfield,40,18826,647,76.83199187876151,7.6,0.00876447466270052,23.6,0.2888348400000003,16.5,938,27.6,38.5,0.5023752758798259,138,102011032
